timestamp,instance,beta,run_id,seed,init_cost,best_cost,stage1_cost,stage2_cost,runtime_sec,saa_S,proxy_S,t_stage1,t_stage2
2026-02-25 00:01:04,c103_21,0.1,1,1042,1027.5506713664456,1012.4622906839293,962.14567113198,50.31661955194934,71.67555022239685,100,5,7.219251871109009,64.45629835128784
2026-02-25 00:02:51,c103_21,0.1,2,1043,1021.1221927197627,1012.0196033384283,961.7720060815566,50.24759725687177,106.29262709617615,100,5,7.429540395736694,98.86308670043945
2026-02-25 00:04:16,c103_21,0.1,3,1044,1020.7621564773764,1011.0818813528214,962.1997464168054,48.882134936016016,85.61935019493103,100,5,7.1915202140808105,78.42782998085022
2026-02-25 00:05:21,c103_21,0.1,4,1045,1027.5499300809176,1010.7936674972932,961.6274610388192,49.166206458473916,64.68421196937561,100,5,5.742319822311401,58.94189214706421
2026-02-25 00:06:58,c103_21,0.1,5,1046,1040.2439799956887,1028.974264859958,978.3869354490188,50.58732941093934,96.96555352210999,100,5,6.7321765422821045,90.23337697982788
2026-02-25 00:08:11,c103_21,0.1,6,1047,1046.3446459865488,1028.408289430763,1003.3514431426972,25.056846288066094,72.9585964679718,100,5,5.448141574859619,67.51045489311218
2026-02-25 00:09:29,c103_21,0.1,7,1048,1031.3065860473566,1013.8082356850599,964.5761599680067,49.23207571705312,77.95482659339905,100,5,6.3363072872161865,71.61851930618286
2026-02-25 00:13:17,c103_21,0.1,8,1049,1027.684488813707,1013.2061893629581,963.5299473641894,49.67624199876861,228.42046427726746,100,5,13.382477283477783,215.03798699378967
2026-02-25 00:14:42,c103_21,0.1,9,1050,1023.6678848818071,1017.4640692579183,965.787541377339,51.67652788057932,84.91052722930908,100,5,6.967171907424927,77.94335532188416
2026-02-25 00:16:05,c103_21,0.1,10,1051,1026.9051187325265,1013.324871374172,963.8007074587929,49.52416391537901,82.81519722938538,100,5,6.957983493804932,75.85721373558044
2026-02-25 00:17:43,c103_21,0.6,1,6042,1054.3747392522887,1041.147244863631,983.0077961794738,58.13944868415702,97.75872874259949,100,5,6.38760232925415,91.37112641334534
2026-02-25 00:20:23,c103_21,0.6,2,6043,1047.5840907467164,1034.4392400811976,971.4080442533772,63.03119582782034,160.74722266197205,100,5,9.714873313903809,151.03234934806824
2026-02-25 00:22:19,c103_21,0.6,3,6044,1035.5450842733444,1030.6194064991478,968.4745557611809,62.144850737966955,115.164311170578,100,5,7.264615535736084,107.89969563484192
2026-02-25 00:27:27,c103_21,0.6,4,6045,1040.7084693111028,1029.6887904770788,968.6281242446568,61.06066623242194,308.5865671634674,100,5,14.062376260757446,294.52419090270996
2026-02-25 00:28:55,c103_21,0.6,5,6046,1034.4847933727276,1030.9071843473773,970.4853629053001,60.42182144207723,87.62303757667542,100,5,5.761205673217773,81.86183190345764
2026-02-25 00:31:03,c103_21,0.6,6,6047,1037.4266394241024,1032.437883533645,970.1205487558859,62.31733477775895,128.1913559436798,100,5,7.342851877212524,120.84850406646729
2026-02-25 00:34:08,c103_21,0.6,7,6048,1033.650790309307,1030.5732938792491,970.633614105906,59.9396797733431,184.75037574768066,100,5,10.96479868888855,173.78557705879211
2026-02-25 00:37:59,c103_21,0.6,8,6049,1041.802113445399,1032.3135766759065,970.1912998728207,62.12227680308567,231.08189010620117,100,5,11.780946016311646,219.30094408988953
2026-02-25 00:43:07,c103_21,0.6,9,6050,1036.6555509635295,1031.2424639860794,969.6749293865319,61.567534599547486,307.6158311367035,100,5,14.644405364990234,292.97142577171326
2026-02-25 00:46:11,c103_21,0.6,10,6051,1039.0691897080394,1033.873823897986,971.3167277502174,62.55709614776882,184.78562355041504,100,5,10.762063026428223,174.02356052398682
2026-02-25 01:05:39,c106_21,0.1,1,1042,1073.2869177901894,1038.995590641321,1018.0087560211995,20.986834620121513,217.27348470687866,100,5,15.518906831741333,201.75457787513733
2026-02-25 01:06:52,c106_21,0.1,2,1043,1071.5558436759425,1052.7825616642656,1031.500037418484,21.28252424578163,72.90937876701355,100,5,5.669458627700806,67.23992013931274
2026-02-25 01:10:24,c106_21,0.1,3,1044,1074.737856822645,1049.5768431233403,1027.6499417343869,21.926901388953308,212.6962492465973,100,5,13.188749074935913,199.50750017166138
2026-02-25 01:11:31,c106_21,0.1,4,1045,1081.3640500472331,1052.1722113031449,1027.4055440184493,24.766667284695586,66.69697833061218,100,5,5.28344464302063,61.41353368759155
2026-02-25 01:13:21,c106_21,0.1,5,1046,1078.3532233131289,1048.3307758932888,1026.94567681166,21.385099081628788,110.32820773124695,100,5,7.9326512813568115,102.39555644989014
2026-02-25 01:14:28,c106_21,0.1,6,1047,1073.4791126886857,1053.3621899777183,1012.475948630207,40.88624134751138,66.39215230941772,100,5,5.487919092178345,60.90423321723938
2026-02-25 01:16:22,c106_21,0.1,7,1048,1073.0823361037665,1036.2283766614248,1035.795710508369,0.4326661530556787,114.3330225944519,100,5,8.551064491271973,105.78195810317993
2026-02-25 01:17:53,c106_21,0.1,8,1049,1075.4826552194154,1050.0772532083238,1029.2540462059687,20.82320700235485,90.92769694328308,100,5,6.885894060134888,84.0418028831482
2026-02-25 01:20:20,c106_21,0.1,9,1050,1069.8613237160791,1036.8307643234234,1035.956912177414,0.8738521460092064,146.67044615745544,100,5,10.429056882858276,136.24138927459717
2026-02-25 01:26:21,c106_21,0.1,10,1051,1078.2648572801945,1027.088300205262,1026.5721606892394,0.5161395160225576,361.27576303482056,100,5,20.311957120895386,340.96380591392517
2026-02-25 01:28:03,c106_21,0.2,1,2042,1079.4842631995843,1040.7196868485044,1034.3979372684364,6.321749580067984,101.48211526870728,100,5,7.443316459655762,94.03879880905151
2026-02-25 01:32:01,c106_21,0.2,2,2043,1079.7759545652455,1040.4113853640436,1015.6145341192471,24.796851244796418,238.61410546302795,100,5,11.13283896446228,227.48126649856567
2026-02-25 01:33:54,c106_21,0.2,3,2044,1078.6275218688204,1049.2235000810715,1025.230587725509,23.99291235556231,112.69035983085632,100,5,7.132370948791504,105.55798888206482
2026-02-25 01:35:54,c106_21,0.2,4,2045,1065.595506683318,1043.915710065336,1020.220378327077,23.695331738258886,120.49907040596008,100,5,7.961442470550537,112.53762793540955
2026-02-25 01:38:57,c106_21,0.2,5,2046,1075.449427070233,1034.0885584189466,1030.8809135332913,3.2076448856552964,182.6735279560089,100,5,9.89913010597229,172.77439785003662
2026-02-25 01:43:07,c106_21,0.2,6,2047,1071.72520033482,1032.0394382253191,1027.5648512147113,4.474587010607926,249.68277835845947,100,5,14.682404279708862,235.0003740787506
2026-02-25 01:44:44,c106_21,0.2,7,2048,1067.2487644185305,1053.0150554333113,1003.2577616682647,49.75729376504657,96.83460450172424,100,5,6.892329931259155,89.94227457046509
2026-02-25 01:45:54,c106_21,0.2,8,2049,1066.5588231186566,1050.8995326016338,1028.3425553258382,22.55697727579549,70.24895405769348,100,5,5.266578197479248,64.98237586021423
2026-02-25 01:47:53,c106_21,0.2,9,2050,1078.7498686338754,1033.6760038354048,1029.9784035153186,3.6976003200862873,118.74381995201111,100,5,7.849245548248291,110.89457440376282
2026-02-25 01:49:36,c106_21,0.2,10,2051,1078.8251879554125,1059.4078408891226,1032.6735127357235,26.7343281533991,103.52972984313965,100,5,6.865234136581421,96.66449570655823
2026-02-25 01:52:23,c106_21,0.3,1,3042,1073.8719356012257,1056.6671533591775,1050.0438635240257,6.623289835151732,166.8770351409912,100,5,8.670467376708984,158.20656776428223
2026-02-25 01:54:38,c106_21,0.3,2,3043,1068.1482078080187,1049.362631641605,1020.6527803080448,28.709851333560025,134.94034361839294,100,5,8.78177809715271,126.15856552124023
2026-02-25 01:56:41,c106_21,0.3,3,3044,1079.0521595816595,1053.6712509250328,1045.7918020797258,7.879448845307082,123.49177145957947,100,5,7.6957151889801025,115.79605627059937
2026-02-25 01:58:59,c106_21,0.3,4,3045,1079.4400450423468,1060.3708206980352,1006.3930275169186,53.977793181116674,137.12996292114258,100,5,8.602570533752441,128.52739238739014
2026-02-25 02:01:24,c106_21,0.3,5,3046,1069.4057658287406,1044.500062399504,1013.7890413156815,30.71102108382255,145.62212109565735,100,5,8.407057285308838,137.2150638103485
2026-02-25 02:02:51,c106_21,0.3,6,3047,1082.2625348895363,1058.2045030514682,1024.2467685967451,33.95773445472293,86.53648209571838,100,5,5.472501993179321,81.06398010253906
2026-02-25 02:05:04,c106_21,0.3,7,3048,1085.7317090404795,1029.1575631551,1002.3170948257035,26.840468329396387,133.3520164489746,100,5,8.018885135650635,125.33313131332397
2026-02-25 02:09:48,c106_21,0.3,8,3049,1073.8330699501707,1024.572231316545,1018.7738947706238,5.798336545921098,283.97662711143494,100,5,16.588236331939697,267.38839077949524
2026-02-25 02:11:46,c106_21,0.3,9,3050,1083.1098901995383,1044.3454089354,1038.3952485401492,5.950160395250755,118.03584790229797,100,5,7.852788686752319,110.18305921554565
2026-02-25 02:14:36,c106_21,0.3,10,3051,1085.6632809421699,1052.1018877787697,1002.8029342788587,49.298953499910795,170.15017771720886,100,5,9.982367515563965,160.1678102016449
2026-02-25 02:16:07,c106_21,0.4,1,4042,1073.3582414058276,1053.9630440898175,1020.4112319656684,33.551812124149144,91.12751317024231,100,5,5.915491580963135,85.21202158927917
2026-02-25 02:19:00,c106_21,0.4,2,4043,1079.9124071836466,1060.8669232042082,1029.5303507743504,31.336572429857707,172.9103648662567,100,5,9.32991909980774,163.58044576644897
2026-02-25 02:21:49,c106_21,0.4,3,4044,1076.7717402967758,1048.0582424432405,1017.3101881296512,30.74805431358935,168.67652583122253,100,5,8.58486557006836,160.09166026115417
2026-02-25 02:24:06,c106_21,0.4,4,4045,1077.494097683946,1060.372085537244,1051.308458132509,9.063627404734984,137.04668402671814,100,5,8.135072231292725,128.91161179542542
2026-02-25 02:28:32,c106_21,0.4,5,4046,1077.258818495921,1046.2037039254894,1039.8759929477585,6.327710977731187,265.7123341560364,100,5,13.305409908294678,252.4069242477417
2026-02-25 02:34:09,c106_21,0.4,6,4047,1074.8883894935198,1039.16962250344,1030.5056365108544,8.663985992585685,337.61126589775085,100,5,17.207682132720947,320.4035837650299
2026-02-25 02:35:44,c106_21,0.4,7,4048,1070.0156702499967,1054.4506240164517,1022.1006757662504,32.34994825020121,94.82678055763245,100,5,6.4816272258758545,88.34515333175659
2026-02-25 02:37:39,c106_21,0.4,8,4049,1076.2460299128957,1058.3658268081163,1025.5262084397953,32.83961836832102,115.04344892501831,100,5,7.017427682876587,108.02602124214172
2026-02-25 02:42:20,c106_21,0.4,9,4050,1077.9716355022779,1057.4412482972966,1023.800427577895,33.64082071940159,280.60804176330566,100,5,13.348989725112915,267.25905203819275
2026-02-25 02:43:49,c106_21,0.4,10,4051,1076.6990980195958,1067.0305808053756,1013.4054290875382,53.62515171783734,88.82445430755615,100,5,5.587127447128296,83.23732686042786
2026-02-25 02:46:18,c106_21,0.5,1,5042,1082.3998284144623,1060.8859825957252,1044.7969472095706,16.08903538615432,149.18105340003967,100,5,8.00608205795288,141.1749713420868
2026-02-25 02:48:40,c106_21,0.5,2,5043,1087.1988700097827,1034.1690611166082,1003.3920898413747,30.77697127523344,142.34447383880615,100,5,7.510126352310181,134.83434748649597
2026-02-25 02:50:52,c106_21,0.5,3,5044,1084.6186923867908,1047.2556805291633,1013.8127741817252,33.44290634743814,131.36611819267273,100,5,8.123242139816284,123.24287605285645
2026-02-25 02:53:52,c106_21,0.5,4,5045,1089.8307226402344,1070.7566087203745,1052.0769819692623,18.679626751112067,180.25521993637085,100,5,9.420322179794312,170.83489775657654
2026-02-25 02:55:54,c106_21,0.5,5,5046,1081.9897129656702,1034.3627471584173,1021.6977852955574,12.664961862859895,121.97905588150024,100,5,7.324071168899536,114.65498471260071
2026-02-25 02:59:38,c106_21,0.5,6,5047,1071.0403969452461,1042.5459192686512,1032.9519737533396,9.593945515311617,224.2242362499237,100,5,11.828920125961304,212.3953161239624
2026-02-25 03:01:13,c106_21,0.5,7,5048,1085.1921672342044,1061.4512664369622,1030.2264078591256,31.224858577836574,94.85076141357422,100,5,6.13627028465271,88.71449112892151
2026-02-25 03:03:01,c106_21,0.5,8,5049,1077.368567645028,1040.7281809181723,1008.0956849843232,32.632495933849114,108.24414348602295,100,5,6.632113695144653,101.6120297908783
2026-02-25 03:06:02,c106_21,0.5,9,5050,1078.709385161206,1050.5123705248209,1038.8684497931954,11.643920731625418,180.6443829536438,100,5,9.630369901657104,171.0140130519867
2026-02-25 03:08:15,c106_21,0.5,10,5051,1076.8393743202912,1059.9806250459994,1026.6425916498915,33.33803339610786,132.99645066261292,100,5,7.488063335418701,125.50838732719421
2026-02-25 06:59:12,c106_21,0.6,1,6042,1083.5157131905844,1067.4031909506327,1052.7516130615988,14.651577889033906,166.58803582191467,100,5,9.621367692947388,156.96666812896729
2026-02-25 07:01:44,c106_21,0.6,2,6043,1089.7847760754946,1074.4142533293132,1062.1961901744664,12.218063154846881,152.19823575019836,100,5,8.118693113327026,144.07954263687134
2026-02-25 07:05:18,c106_21,0.6,3,6044,1093.4253554872053,1041.6950521513347,1031.268857384522,10.426194766812605,213.68228960037231,100,5,10.161950588226318,203.520339012146
2026-02-25 07:09:57,c106_21,0.6,4,6045,1079.815696254636,1043.48070146637,1030.9417746971167,12.538926769253308,278.97858214378357,100,5,14.649112224578857,264.3294699192047
2026-02-25 07:13:18,c106_21,0.6,5,6046,1079.9842984662566,1057.6668577238097,1022.7136481491474,34.95320957466225,201.31302165985107,100,5,10.425060033798218,190.88796162605286
2026-02-25 07:16:38,c106_21,0.6,6,6047,1087.5153141220376,1054.4349955795296,1034.0039475329158,20.431048046614034,199.86757946014404,100,5,10.829933881759644,189.0376455783844
2026-02-25 07:22:06,c106_21,0.6,7,6048,1079.3785879767754,1045.6897402648406,1034.454503368507,11.235236896333861,328.06600284576416,100,5,17.146358251571655,310.9196445941925
2026-02-25 07:27:01,c106_21,0.6,8,6049,1082.4020524839896,1035.1792612344739,988.2226629944489,46.95659824002492,295.55531883239746,100,5,14.459963083267212,281.09535574913025
2026-02-25 07:29:33,c106_21,0.6,9,6050,1076.9545677935218,1054.6800460655502,1016.3777531776415,38.30229288790878,151.7319085597992,100,5,8.97642183303833,142.75548672676086
2026-02-25 07:32:13,c106_21,0.6,10,6051,1081.0599215618795,1049.6792964941837,1034.0740731347903,15.605223359393422,159.76046442985535,100,5,9.038475513458252,150.7219889163971
2026-02-25 07:34:11,c206_21,0.1,1,1042,1144.1421998326919,1111.653138049308,1059.9879048391283,51.6652332101796,118.03536057472229,100,5,8.447368860244751,109.58799171447754
2026-02-25 07:38:31,c206_21,0.1,2,1043,1143.7183102042397,1104.3477273954734,1057.3331257490293,47.01460164644403,260.34463763237,100,5,15.681514739990234,244.66312289237976
2026-02-25 07:43:25,c206_21,0.1,3,1044,1133.1871370488607,1081.4421541491822,1057.044081288029,24.39807286115334,293.8746054172516,100,5,19.122010946273804,274.7525944709778
2026-02-25 07:46:46,c206_21,0.1,4,1045,1134.8952138777865,1100.789157057334,1051.9603067456137,48.82885031172045,200.85711240768433,100,5,12.836588382720947,188.02052402496338
2026-02-25 07:48:47,c206_21,0.1,5,1046,1156.503405142407,1117.135817407589,1044.543727585079,72.59208982251002,120.37596893310547,100,5,9.527377843856812,110.84859108924866
2026-02-25 07:53:25,c206_21,0.1,6,1047,1138.7739256434043,1083.1104013841793,1046.4188951469196,36.69150623725986,278.74294996261597,100,5,18.230470657348633,260.51247930526733
2026-02-25 07:56:04,c206_21,0.1,7,1048,1140.4727225125798,1090.2543424607463,1040.962307923391,49.292034537355356,158.53739523887634,100,5,13.019395112991333,145.518000125885
2026-02-25 07:57:33,c206_21,0.1,8,1049,1128.9450683777109,1111.2271046805322,1062.7379763064225,48.48912837410974,89.59583830833435,100,5,8.454954385757446,81.1408839225769
2026-02-25 08:00:04,c206_21,0.1,9,1050,1135.8014672599236,1103.369409612384,1054.75737036173,48.61203925065415,150.35630178451538,100,5,11.895143747329712,138.46115803718567
2026-02-25 08:03:33,c206_21,0.1,10,1051,1146.3361796656955,1101.9292091624734,1053.4311738432757,48.498035319197825,209.11721396446228,100,5,12.794920921325684,196.3222930431366
2026-02-25 08:09:19,c206_21,0.2,1,2042,1142.2317592961504,1079.607979041989,1029.5145156516262,50.0934633903627,346.4372351169586,100,5,19.269582986831665,327.16765213012695
2026-02-25 08:12:32,c206_21,0.2,2,2043,1153.1036769809753,1103.8619123671979,1026.1687971300132,77.69311523718495,192.70892238616943,100,5,13.624990940093994,179.08393144607544
2026-02-25 08:14:50,c206_21,0.2,3,2044,1139.5533618184322,1104.8175175947931,1052.1318320881337,52.68568550665962,137.47123527526855,100,5,10.407590627670288,127.06364464759827
2026-02-25 08:16:51,c206_21,0.2,4,2045,1139.8641956506642,1109.5241599878943,1059.8914034574084,49.632756530485985,121.77349424362183,100,5,9.500797510147095,112.27269673347473
2026-02-25 08:19:01,c206_21,0.2,5,2046,1129.2555659464458,1112.8564256642865,1084.0204920487445,28.835933615541958,129.47343564033508,100,5,9.181548118591309,120.29188752174377
2026-02-25 08:23:54,c206_21,0.2,6,2047,1144.3296370306384,1077.743557927786,1023.5209419097805,54.22261601800551,293.1546287536621,100,5,17.610783100128174,275.54384565353394
2026-02-25 08:26:29,c206_21,0.2,7,2048,1139.4975883847937,1112.9164108499128,1062.6902159856918,50.226194864220815,155.55797266960144,100,5,10.693211078643799,144.86476159095764
2026-02-25 08:28:25,c206_21,0.2,8,2049,1129.8532306802533,1104.5647452750832,1054.709996870641,49.85474840444228,115.79373335838318,100,5,8.92263913154602,106.87109422683716
2026-02-25 08:32:41,c206_21,0.2,9,2050,1144.5396488303415,1093.2600464975296,1039.398093398556,53.861953098973416,255.76361966133118,100,5,14.226415872573853,241.53720378875732
2026-02-25 08:35:49,c206_21,0.2,10,2051,1136.82471154325,1092.4354162107034,1043.904540075914,48.53087613478958,188.3864712715149,100,5,13.647603034973145,174.73886823654175
2026-02-25 08:42:16,c206_21,0.3,1,3042,1153.019011494866,1100.324055320913,1049.6963668871942,50.62768843371883,386.4715209007263,100,5,19.44306755065918,367.02845335006714
2026-02-25 08:44:33,c206_21,0.3,2,3043,1150.640118964171,1100.5307096761017,1048.0122300410915,52.51847963501019,137.21504521369934,100,5,9.528491973876953,127.68655323982239
2026-02-25 08:47:20,c206_21,0.3,3,3044,1146.6141079805395,1099.5992695373732,1049.226361458668,50.37290807870516,166.80481433868408,100,5,11.1456937789917,155.65912055969238
2026-02-25 08:50:13,c206_21,0.3,4,3045,1164.278630414561,1116.202807914241,1060.6524478616327,55.550360052608305,173.22272300720215,100,5,11.382219314575195,161.84050369262695
2026-02-25 08:53:24,c206_21,0.3,5,3046,1142.3994114890274,1110.826383614675,1055.084654184641,55.741729430034,190.57496285438538,100,5,12.374536991119385,178.200425863266
2026-02-25 09:01:02,c206_21,0.3,6,3047,1147.973296872225,1089.933655942834,1060.5084144038128,29.42524153902125,458.2535717487335,100,5,22.87231469154358,435.38125705718994
2026-02-25 09:05:21,c206_21,0.3,7,3048,1145.812352355666,1100.5637902706706,1065.5867063942453,34.9770838764253,259.4361867904663,100,5,14.699054956436157,244.73713183403015
2026-02-25 09:07:05,c206_21,0.3,8,3049,1147.9757382253479,1124.878050344062,1072.0144382594503,52.86361208461206,103.06482100486755,100,5,7.8512701988220215,95.21355080604553
2026-02-25 09:11:28,c206_21,0.3,9,3050,1157.0316625206262,1107.3841353257264,1055.1133791937332,52.27075613199324,263.76345658302307,100,5,13.534804105758667,250.2286524772644
2026-02-25 09:14:29,c206_21,0.3,10,3051,1151.5765316518477,1110.8023396012268,1082.9568133547655,27.845526246461095,180.9530553817749,100,5,10.767589807510376,170.18546557426453
2026-02-25 09:18:28,c206_21,0.4,1,4042,1147.4993581477966,1107.430026739013,1055.8144207067644,51.615606032248586,238.73600959777832,100,5,12.678946256637573,226.05706334114075
2026-02-25 09:24:25,c206_21,0.4,2,4043,1142.642684315663,1085.4292679602352,1058.2086482272782,27.22061973295693,357.3065400123596,100,5,19.502524614334106,337.8040153980255
2026-02-25 09:27:04,c206_21,0.4,3,4044,1146.933226802938,1117.0061555454283,1067.8703326718826,49.135822873545656,158.22424340248108,100,5,9.501208543777466,148.7230348587036
2026-02-25 09:32:16,c206_21,0.4,4,4045,1137.7083098162182,1109.2959152687733,1053.2973216296984,55.99859363907477,312.541846036911,100,5,16.524272203445435,296.0175738334656
2026-02-25 09:36:32,c206_21,0.4,5,4046,1156.6766270441378,1109.1951199857965,1076.1430480169668,33.05207196882972,256.316383600235,100,5,14.85568904876709,241.4606945514679
2026-02-25 09:39:01,c206_21,0.4,6,4047,1138.5262087698864,1108.202547263425,1054.790620587711,53.411926675714206,148.64950299263,100,5,10.507715940475464,138.14178705215454
2026-02-25 09:41:15,c206_21,0.4,7,4048,1151.15396717533,1124.1458683765834,1044.5700314091364,79.57583696744696,133.68895363807678,100,5,8.86222529411316,124.82672834396362
2026-02-25 09:44:01,c206_21,0.4,8,4049,1141.1364144690872,1108.3855541052283,1054.234103877707,54.1514502275213,165.78083658218384,100,5,11.038551807403564,154.74228477478027
2026-02-25 09:51:32,c206_21,0.4,9,4050,1147.2247061414184,1101.9424661909018,1049.3801302986417,52.56233589226008,451.9638628959656,100,5,22.52411699295044,429.43974590301514
2026-02-25 09:56:56,c206_21,0.4,10,4051,1151.118166519754,1105.8939573898904,1077.7800014597922,28.11395593009817,323.4974069595337,100,5,16.63623309135437,306.8611738681793
2026-02-25 10:02:35,c206_21,0.5,1,5042,1149.8869158839113,1093.0769835668946,1060.4076854899672,32.669298076927376,338.6916959285736,100,5,18.076940298080444,320.61475563049316
2026-02-25 10:05:15,c206_21,0.5,2,5043,1150.2814668630253,1110.0120584301515,1044.195704181879,65.81635424827277,160.38149237632751,100,5,9.03719186782837,151.34430050849915
2026-02-25 10:08:59,c206_21,0.5,3,5044,1151.5513564617765,1120.5124578898658,1085.0287358226842,35.483722067181496,223.94455814361572,100,5,12.820316314697266,211.12424182891846
2026-02-25 10:15:36,c206_21,0.5,4,5045,1153.2365830206568,1098.8275767162265,1064.995991128028,33.83158558819848,396.6548948287964,100,5,19.992528676986694,376.6623661518097
2026-02-25 10:21:24,c206_21,0.5,5,5046,1149.5511775830184,1104.8667532989325,1050.2792847971089,54.587468501823736,348.37334752082825,100,5,17.83469295501709,330.53865456581116
2026-02-25 10:23:29,c206_21,0.5,6,5047,1137.4527193390668,1119.6499711859753,1060.7459476605356,58.9040235254397,125.27927947044373,100,5,8.4606614112854,116.81861805915833
2026-02-25 10:26:28,c206_21,0.5,7,5048,1146.2203076200187,1112.6350433456228,1055.0457238588097,57.589319486813196,178.89396834373474,100,5,10.32546067237854,168.5685076713562
2026-02-25 10:32:53,c206_21,0.5,8,5049,1145.0510909093707,1120.079658981876,1063.179924076422,56.89973490545413,384.89295721054077,100,5,20.687141180038452,364.2058160305023
2026-02-25 10:40:18,c206_21,0.5,9,5050,1172.6071085509952,1087.1658261146158,1057.3328163297983,29.833009784817634,444.8449168205261,100,5,23.68228769302368,421.16262912750244
2026-02-25 21:01:53,r106_21,0.1,1,1042,1201.95836203827,1174.2117361176515,1174.2117361176515,0.0,245.84895372390747,100,5,20.12648296356201,225.72247076034546
2026-02-25 21:17:26,r106_21,0.1,2,1043,1252.1493557568067,1149.2942380521508,1124.84172913552,24.45250891663092,932.8097207546234,100,5,68.1144208908081,864.6952998638153
2026-02-25 21:32:35,r106_21,0.1,3,1044,1243.0938363317168,1164.1329122045977,1164.1329122045977,0.0,908.6404688358307,100,5,67.08749079704285,841.5529780387878
2026-02-25 21:36:06,r106_21,0.1,4,1045,1221.933121948366,1168.4608723600372,1168.4608723600372,0.0,211.94286942481995,100,5,20.071640014648438,191.8712294101715
2026-02-25 21:41:59,r106_21,0.1,5,1046,1221.2887975949502,1165.1369872257685,1165.1369872257685,0.0,352.1743116378784,100,5,30.512706756591797,321.6616048812866
2026-02-25 21:46:44,r106_21,0.1,6,1047,1204.611979766774,1173.9162873079422,1148.5496859905534,25.366601317389172,285.7935793399811,100,5,21.074136972427368,264.7194423675537
2026-02-25 21:52:52,r106_21,0.1,7,1048,1231.4702108254633,1167.9029648694436,1126.7052276794768,41.197737189966745,367.2652018070221,100,5,28.657987117767334,338.60721468925476
2026-02-25 22:04:18,r106_21,0.1,8,1049,1228.9910033565202,1169.8069470363594,1169.8069470363594,0.0,686.5238075256348,100,5,49.820085763931274,636.7037217617035
2026-02-25 22:10:25,r106_21,0.1,9,1050,1225.1990741116072,1148.0055322093003,1147.8574338423543,0.1480983669457533,367.05876874923706,100,5,29.88546872138977,337.1733000278473
2026-02-25 22:20:01,r106_21,0.1,10,1051,1216.1711127732256,1166.6953481417174,1166.6953481417174,0.0,575.9759511947632,100,5,43.788676023483276,532.1872751712799
2026-02-25 22:22:16,r106_21,0.2,1,2042,1237.6383225132497,1162.8787473141422,1162.4282194012223,0.4505279129199705,134.33517909049988,100,5,11.198239803314209,123.13693928718567
2026-02-25 22:26:25,r106_21,0.2,2,2043,1213.7453362170888,1171.7791274642816,1171.4847301273373,0.2943973369442254,249.25801730155945,100,5,16.50463032722473,232.75338697433472
2026-02-25 22:31:37,r106_21,0.2,3,2044,1209.4273969090643,1158.1394254788447,1157.6575643222332,0.4818611566114182,312.3858826160431,100,5,21.98717427253723,290.39870834350586
2026-02-25 22:33:41,r106_21,0.2,4,2045,1197.045607015011,1169.2648335344115,1169.2648335344115,0.0,124.11339712142944,100,5,9.310204267501831,114.80319285392761
2026-02-25 22:35:42,r106_21,0.2,5,2046,1216.0755269501474,1160.7998529896288,1160.7998529896288,0.0,120.2049834728241,100,5,9.768584728240967,110.43639874458313
2026-02-25 22:37:14,r106_21,0.2,6,2047,1205.4636645738244,1161.644577568617,1109.7109696023574,51.933607966259714,92.73369646072388,100,5,7.207495927810669,85.52620053291321
2026-02-25 22:39:29,r106_21,0.2,7,2048,1200.6964639207179,1150.3128204021132,1131.6608814985584,18.65193890355489,134.29434490203857,100,5,10.707507610321045,123.58683729171753
2026-02-25 22:43:16,r106_21,0.2,8,2049,1213.2725934178031,1153.491607405131,1129.5377640734307,23.953843331700277,227.13076829910278,100,5,15.313584804534912,211.81718349456787
2026-02-25 22:45:45,r106_21,0.2,9,2050,1213.7030240302352,1161.6865313831058,1161.6865313831058,0.0,149.11522817611694,100,5,12.096734285354614,137.01849389076233
2026-02-25 22:49:07,r106_21,0.2,10,2051,1214.3393102151063,1157.6766388681538,1157.5171654621754,0.1594734059783891,202.0267014503479,100,5,15.156733512878418,186.86996793746948
2026-02-25 22:51:06,r106_21,0.3,1,3042,1207.0724019741567,1170.7843744725924,1164.4590147558308,6.325359716761697,119.2009048461914,100,5,8.661391258239746,110.53951358795166
2026-02-25 22:53:03,r106_21,0.3,2,3043,1207.8767151131249,1171.1569586804378,1118.579633370173,52.57732531026464,117.12888669967651,100,5,7.414071083068848,109.71481561660767
2026-02-25 22:56:45,r106_21,0.3,3,3044,1212.127370831443,1166.3661332190334,1114.0981419949258,52.267991224107675,222.13741636276245,100,5,15.742620944976807,206.39479541778564
2026-02-25 22:58:22,r106_21,0.3,4,3045,1228.219522918949,1166.060772941517,1137.6731872282223,28.387585713294627,96.21728873252869,100,5,7.4800450801849365,88.73724365234375
2026-02-25 23:03:46,r106_21,0.3,5,3046,1234.249662872174,1153.4694210607354,1129.4530707456017,24.0163503151337,324.21324372291565,100,5,22.05491542816162,302.158328294754
2026-02-25 23:06:37,r106_21,0.3,6,3047,1231.2573925436582,1154.5248493270797,1129.6937589897025,24.831090337377223,170.85283041000366,100,5,12.694489002227783,158.15834140777588
2026-02-25 23:11:14,r106_21,0.3,7,3048,1231.8358906533676,1168.404228619362,1144.735371855763,23.6688567635987,277.0076355934143,100,5,16.29353380203247,260.71410179138184
2026-02-25 23:12:50,r106_21,0.3,8,3049,1224.5300891772226,1194.2617035528629,1163.888120210346,30.373583342516778,96.22724604606628,100,5,7.370007753372192,88.85723829269409
2026-02-25 23:15:32,r106_21,0.3,9,3050,1224.851048969333,1167.4603360064432,1167.460336006443,0.0,161.99015855789185,100,5,11.752127408981323,150.23803114891052
2026-02-25 23:17:19,r106_21,0.3,10,3051,1228.1467149789087,1157.4839073049473,1157.3558448201986,0.12806248474865697,106.53140497207642,100,5,9.413057804107666,97.11834716796875
2026-02-25 23:22:23,r106_21,0.4,1,4042,1296.2463239718466,1197.6128726899449,1192.286278550021,5.326594139924027,304.1979675292969,100,5,21.667816877365112,282.53015065193176
2026-02-25 23:24:15,r106_21,0.4,2,4043,1222.5283289532845,1181.248134605622,1179.8113569078723,1.4367776977497493,112.27224659919739,100,5,8.914873600006104,103.35737299919128
2026-02-25 23:26:37,r106_21,0.4,3,4044,1245.873714532533,1155.3611909239899,1151.9684099320477,3.3927809919421668,142.37593531608582,100,5,9.848928689956665,132.52700662612915
2026-02-25 23:30:52,r106_21,0.4,4,4045,1220.5488886639932,1161.8028473773072,1158.2115820544623,3.5912653228446954,255.04186296463013,100,5,14.883776187896729,240.1580867767334
2026-02-25 23:33:10,r106_21,0.4,5,4046,1233.1650694127873,1179.9267869111873,1153.128664712157,26.798122199030544,137.93721508979797,100,5,8.861880540847778,129.0753345489502
2026-02-25 23:35:05,r106_21,0.4,6,4047,1206.5825227739306,1155.158907628443,1128.1889439622541,26.96996366618888,114.1786253452301,100,5,8.238136053085327,105.94048929214478
2026-02-25 23:37:00,r106_21,0.4,7,4048,1225.1536566718628,1184.5215845299133,1159.617653431227,24.90393109868648,115.24216842651367,100,5,8.518468856811523,106.72369956970215
2026-02-25 23:41:03,r106_21,0.4,8,4049,1211.397779447704,1168.072276505314,1141.9071326092949,26.165143896019018,242.76411199569702,100,5,15.994527339935303,226.76958465576172
2026-02-25 23:43:15,r106_21,0.4,9,4050,1220.0782427591034,1158.9637707188708,1132.8120728252375,26.151697893633408,132.69806838035583,100,5,9.748210430145264,122.94985795021057
2026-02-25 23:47:17,r106_21,0.4,10,4051,1238.0488815606118,1185.5357296812808,1158.5748542173187,26.960875463962257,242.21718454360962,100,5,16.030184268951416,226.1870002746582
2026-02-25 23:50:31,r106_21,0.5,1,5042,1240.0314875746287,1172.422034862319,1147.9717207211781,24.450314141140847,193.29767203330994,100,5,12.613998413085938,180.683673620224
2026-02-25 23:53:21,r106_21,0.5,2,5043,1210.7450293543793,1159.590252045444,1131.6974687735544,27.89278327188983,170.0092432498932,100,5,9.91106128692627,160.09818196296692
2026-02-25 23:58:32,r106_21,0.5,3,5044,1228.1753123588874,1169.80764789061,1165.589904130418,4.217743760191887,311.2624490261078,100,5,18.893649578094482,292.3687994480133
2026-02-26 00:00:55,r106_21,0.5,4,5045,1209.7766279375141,1164.8819886999058,1164.2982339108282,0.5837547890776026,142.62770700454712,100,5,10.552008867263794,132.07569813728333
2026-02-26 00:03:16,r106_21,0.5,5,5046,1213.5596288486256,1158.3613670154261,1125.7614600418917,32.599906973534196,140.94979405403137,100,5,8.931607484817505,132.01818656921387
2026-02-26 00:06:50,r106_21,0.5,6,5047,1305.7229224337755,1206.0313528365616,1181.884757750793,24.14659508576866,214.50329613685608,100,5,17.187504053115845,197.31579208374023
2026-02-26 00:13:49,r106_21,0.5,7,5048,1294.3423750037969,1197.8995081254152,1183.640278056401,14.259230069014134,418.6190273761749,100,5,26.032015085220337,392.5870122909546
2026-02-26 00:16:42,r106_21,0.5,8,5049,1207.4496814561435,1169.455106400221,1165.517382315064,3.937724085157023,173.56478834152222,100,5,10.997684955596924,162.5671033859253
2026-02-26 00:19:41,r106_21,0.5,9,5050,1211.6859624616764,1162.0193613244921,1111.8149166338364,50.204444690655684,178.7988851070404,100,5,11.623998880386353,167.17488622665405
2026-02-26 00:22:29,r106_21,0.5,10,5051,1224.0547033125285,1163.2810145307594,1161.7502078018679,1.5308067288916658,167.46851515769958,100,5,11.045628309249878,156.4228868484497
2026-02-26 00:25:39,r106_21,0.6,1,6042,1233.4134936552482,1177.4955318594502,1171.6426528173765,5.852879042073638,190.43673253059387,100,5,11.267700672149658,179.1690318584442
2026-02-26 00:31:13,r106_21,0.6,2,6043,51233.72496980549,1171.1538634529022,1141.9702886113982,29.183574841503923,333.84268069267273,100,5,18.819932460784912,315.0227482318878
2026-02-26 00:33:51,r106_21,0.6,3,6044,26237.03365544408,1184.2021751338355,1150.940870422378,33.261304711457434,157.89346861839294,100,5,9.254408597946167,148.63906002044678
2026-02-26 00:36:20,r106_21,0.6,4,6045,1236.0159089492545,1170.4702160054753,1156.2813654426377,14.188850562837722,149.4339635372162,100,5,9.730299711227417,139.70366382598877
2026-02-26 00:39:23,r106_21,0.6,5,6046,1228.2312157993365,1175.930014991342,1166.4419750714196,9.488039919922205,182.67345190048218,100,5,11.744807720184326,170.92864418029785
2026-02-26 00:41:29,r106_21,0.6,6,6047,1254.1132572702138,1155.6167419283904,1131.1778588051668,24.438883123223608,126.38260507583618,100,5,8.897161960601807,117.48544311523438
2026-02-26 00:45:04,r106_21,0.6,7,6048,1239.264392272826,1164.7683131334595,1159.1128781688892,5.655434964570271,214.8072006702423,100,5,13.223004341125488,201.58419632911682
2026-02-26 00:47:54,r106_21,0.6,8,6049,1224.4003807690597,1180.4398426057146,1154.7089478166743,25.730894789040203,169.6301510334015,100,5,10.909375190734863,158.72077584266663
2026-02-26 00:51:31,r106_21,0.6,9,6050,1240.6365436801896,1160.8305247733804,1157.0783174947294,3.752207278651011,217.24042868614197,100,5,14.07486891746521,203.16555976867676
2026-02-26 00:55:40,r106_21,0.6,10,6051,1232.6202057354885,1155.7768954324026,1129.9085159943372,25.868379438065485,248.922837972641,100,5,16.679683208465576,232.24315476417542
2026-02-26 00:58:17,r206_21,0.1,1,1042,1213.5988927388294,1159.1586125914066,1159.1586125914066,0.0,157.40632677078247,100,5,11.935600519180298,145.47072625160217
2026-02-26 01:01:05,r206_21,0.1,2,1043,1217.7461302222305,1157.5631043786934,1157.5631043786934,0.0,167.62414145469666,100,5,12.545223474502563,155.0789179801941
2026-02-26 01:03:33,r206_21,0.1,3,1044,1201.1948941022429,1174.0085506996254,1153.5273398203217,20.4812108793038,147.61703729629517,100,5,10.120954275131226,137.49608302116394
2026-02-26 01:09:37,r206_21,0.1,4,1045,1258.2563897390528,1158.8977307325374,1133.8225020646848,25.075228667852617,364.9178502559662,100,5,25.75327754020691,339.1645727157593
2026-02-26 01:12:37,r206_21,0.1,5,1046,1218.1618529982452,1159.5773488564876,1134.2580097343453,25.31933912214233,179.5686900615692,100,5,13.072689294815063,166.49600076675415
2026-02-26 01:16:18,r206_21,0.1,6,1047,1199.6359511648159,1153.0691317435496,1153.0691317435496,0.0,221.22654747962952,100,5,14.781264066696167,206.44528341293335
2026-02-26 01:18:53,r206_21,0.1,7,1048,1231.85806500747,1178.3584160763305,1152.669401756539,25.68901431979163,154.40522265434265,100,5,11.632811307907104,142.77241134643555
2026-02-26 01:23:08,r206_21,0.1,8,1049,1218.698636349428,1156.3648119387599,1130.9102359821936,25.454575956566277,255.26661443710327,100,5,18.386096477508545,236.88051795959473
2026-02-26 01:25:01,r206_21,0.1,9,1050,1208.3405757675293,1155.071430033632,1130.1286700396467,24.94275999398521,113.29445385932922,100,5,9.32508659362793,103.9693672657013
2026-02-26 01:27:30,r206_21,0.1,10,1051,1201.902157982401,1154.184239539871,1154.0428181836337,0.1414213562373095,148.75861072540283,100,5,11.243249416351318,137.5153613090515
2026-02-26 01:29:49,r206_21,0.2,1,2042,1218.6547142228121,1163.1738355556931,1134.5192129595416,28.654622596151675,138.65989756584167,100,5,9.577573537826538,129.08232402801514
2026-02-26 01:32:23,r206_21,0.2,2,2043,1219.3140735695174,1154.0508026169741,1107.9185099247375,46.13229269223667,154.7364137172699,100,5,11.003510475158691,143.7329032421112
2026-02-26 01:35:31,r206_21,0.2,3,2044,1222.2325148456243,1162.7790543684528,1160.541963803647,2.237090564805885,187.28773498535156,100,5,13.504128217697144,173.78360676765442
2026-02-26 01:37:59,r206_21,0.2,4,2045,1210.5553903175846,1161.8865041993774,1143.8085914978492,18.077912701528273,148.65747332572937,100,5,10.245181322097778,138.4122920036316
2026-02-26 01:42:39,r206_21,0.2,5,2046,1234.752799408182,1173.5176829081133,1173.5176829081133,0.0,280.08087253570557,100,5,18.629384994506836,261.45148754119873
2026-02-26 01:48:04,r206_21,0.2,6,2047,1214.7529467726222,1168.3802337311781,1143.544348280418,24.83588545075989,324.38107800483704,100,5,20.233548641204834,304.1475293636322
2026-02-26 01:51:13,r206_21,0.2,7,2048,1202.6750962984886,1157.0151044690847,1106.994691667165,50.02041280191977,189.03895497322083,100,5,12.493285655975342,176.54566931724548
2026-02-26 01:52:46,r206_21,0.2,8,2049,1205.8179599075347,1163.334760218641,1137.8910614169615,25.443698801679403,93.22841691970825,100,5,6.8667261600494385,86.36169075965881
2026-02-26 01:57:41,r206_21,0.2,9,2050,1228.4524042085268,1147.8770707499812,1147.0688655638521,0.8082051861290079,295.36146116256714,100,5,19.168337106704712,276.1931240558624
2026-02-26 02:00:04,r206_21,0.2,10,2051,1224.6445469113135,1158.9474461935692,1158.0873688269749,0.8600773665943311,142.7008740901947,100,5,10.04146432876587,132.65940976142883
2026-02-26 02:03:52,r206_21,0.3,1,3042,1225.8287622146233,1159.2279000020756,1134.965560330072,24.262339672003737,227.64557552337646,100,5,14.487894773483276,213.1576807498932
2026-02-26 02:06:38,r206_21,0.3,2,3043,1231.4990809892693,1188.578038991631,1175.5647877379392,13.013251253691731,166.39475297927856,100,5,10.394124507904053,156.0006284713745
2026-02-26 02:10:11,r206_21,0.3,3,3044,1219.3974213362053,1172.1417368326681,1149.6125833139258,22.52915351874235,212.7653305530548,100,5,12.695938348770142,200.06939220428467
2026-02-26 02:12:26,r206_21,0.3,4,3045,1216.118410320836,1170.0617630659922,1169.4264038380552,0.6353592279370567,134.53119564056396,100,5,9.653598546981812,124.87759709358215
2026-02-26 02:16:10,r206_21,0.3,5,3046,1201.3614858995431,1160.6670239505495,1134.6159464130653,26.05107753748413,224.66027855873108,100,5,13.775894403457642,210.88438415527344
2026-02-26 02:18:12,r206_21,0.3,6,3047,1219.819300801782,1161.080650650007,1140.7418705285977,20.338780121409354,121.61611819267273,100,5,9.20744013786316,112.40867805480957
2026-02-26 02:20:50,r206_21,0.3,7,3048,1223.9297203129404,1175.1623134394906,1146.1277339292958,29.0345795101949,158.53252172470093,100,5,10.199583292007446,148.33293843269348
2026-02-26 02:23:16,r206_21,0.3,8,3049,1220.5661361641762,1152.422481971117,1150.361699866249,2.0607821048680193,145.9438054561615,100,5,11.304672718048096,134.6391327381134
2026-02-26 02:27:09,r206_21,0.3,9,3050,1204.1709154904693,1175.8427700313177,1158.0967026312678,17.746067400049938,232.93083453178406,100,5,13.354393243789673,219.57644128799438
2026-02-26 02:29:31,r206_21,0.3,10,3051,1214.1214529168192,1161.6456084288195,1133.8111203319888,27.83448809683086,141.67395305633545,100,5,10.23080587387085,131.4431471824646
2026-02-26 02:33:19,r206_21,0.4,1,4042,1213.2626742954735,1161.2502201965767,1159.0186594502704,2.2315607463060747,227.83177542686462,100,5,12.7593994140625,215.07237601280212
2026-02-26 02:36:48,r206_21,0.4,2,4043,1206.6137293118998,1167.2323752523769,1161.8310709354437,5.401304316933108,208.75876474380493,100,5,12.527500629425049,196.23126411437988
2026-02-26 02:39:02,r206_21,0.4,3,4044,1231.914904665755,1158.7126434870295,1109.4175808930422,49.29506259398737,134.1929748058319,100,5,10.046192646026611,124.1467821598053
2026-02-26 02:42:07,r206_21,0.4,4,4045,1229.914384398089,1161.7474376270184,1157.162554131044,4.584883495974229,185.19851064682007,100,5,12.582523345947266,172.6159873008728
2026-02-26 02:47:58,r206_21,0.4,5,4046,1227.083546194084,1159.4293335435787,1156.4647397239764,2.9645938196022565,351.2622880935669,100,5,21.466689109802246,329.79559898376465
2026-02-26 02:51:53,r206_21,0.4,6,4047,1215.3839884426477,1155.9975303358679,1130.30521741209,25.69231292377788,234.90609335899353,100,5,17.989108562469482,216.91698479652405
2026-02-26 02:53:48,r206_21,0.4,7,4048,1230.0478333663739,1168.6557232078014,1168.6195428679139,0.03618033988749895,115.15536284446716,100,5,8.850003719329834,106.30535912513733
2026-02-26 02:55:42,r206_21,0.4,8,4049,1244.7490709956235,1165.164780230114,1139.2494621633305,25.91531806678341,113.54591631889343,100,5,8.640730381011963,104.90518593788147
2026-02-26 02:59:01,r206_21,0.4,9,4050,1227.8793656030032,1151.847394490975,1128.4876339205618,23.359760570413176,198.7870273590088,100,5,13.983872652053833,184.80315470695496
2026-02-26 03:01:31,r206_21,0.4,10,4051,1209.5692164914572,1171.0350953426932,1148.1596868547056,22.87540848798764,150.21269631385803,100,5,10.01366138458252,140.1990349292755
2026-02-26 03:05:32,r206_21,0.5,1,5042,1235.6213808283658,1153.9945043720186,1124.2651004581417,29.729403913876794,241.385746717453,100,5,15.405751466751099,225.9799952507019
2026-02-26 03:07:49,r206_21,0.5,2,5043,1242.6488525942107,1174.6205118842217,1148.9489722732515,25.671539610970047,137.0678527355194,100,5,8.57077670097351,128.4970760345459
2026-02-26 03:12:28,r206_21,0.5,3,5044,1216.3150928730931,1158.8995521246484,1134.994120230767,23.905431893881303,278.7883677482605,100,5,15.478028297424316,263.3103394508362
2026-02-26 03:14:07,r206_21,0.5,4,5045,1202.4611577929013,1166.864329472595,1141.692761728972,25.171567743623164,99.3351001739502,100,5,7.565232276916504,91.76986789703369
2026-02-26 03:18:23,r206_21,0.5,5,5046,1233.921196865623,1162.9951715926527,1162.4341705556112,0.561001037041758,255.43413472175598,100,5,16.417176961898804,239.01695775985718
2026-02-26 03:21:33,r206_21,0.5,6,5047,1234.952945106429,1165.9467412047675,1111.3068174562507,54.639923748516814,190.04247617721558,100,5,11.47325873374939,178.5692174434662
2026-02-26 03:28:25,r206_21,0.5,7,5048,1234.840663481391,1156.4369968754013,1129.8375283370033,26.59946853839798,411.60298204421997,100,5,24.068448781967163,387.5345332622528
2026-02-26 03:35:22,r206_21,0.5,8,5049,1232.2329050178103,1149.151148341386,1146.742642202502,2.408506138884067,417.5214982032776,100,5,25.371979475021362,392.1495187282562
2026-02-26 03:39:56,r206_21,0.5,9,5050,1230.2783751952657,1146.5694823554984,1120.685562703984,25.88391965151452,274.280113697052,100,5,17.486642837524414,256.7934708595276
2026-02-26 03:45:08,r206_21,0.5,10,5051,1223.671426587112,1168.016321034198,1139.5294586091843,28.486862425013637,311.23321080207825,100,5,18.636931896209717,292.59627890586853
2026-02-26 03:46:44,r206_21,0.6,1,6042,1216.5103853949545,1174.8323952177784,1168.2783577458583,6.554037471920214,95.99770998954773,100,5,7.186594247817993,88.81111574172974
2026-02-26 03:48:47,r206_21,0.6,2,6043,1235.5504404183725,1159.2701011463673,1129.2987871956807,29.97131395068682,123.33019995689392,100,5,8.787126779556274,114.54307317733765
2026-02-26 03:51:54,r206_21,0.6,3,6044,1238.8036147521243,1171.90094575782,1164.3707468843795,7.5301988734403835,187.58564853668213,100,5,12.355784893035889,175.22986364364624
2026-02-26 03:56:24,r206_21,0.6,4,6045,1225.7426731240455,1163.7390408136944,1159.2468423383448,4.492198475349624,269.65210580825806,100,5,14.373387098312378,255.27871870994568
2026-02-26 03:59:20,r206_21,0.6,5,6046,1206.2755925583056,1164.0801225346995,1090.6311113436102,73.44901119108943,175.80544781684875,100,5,10.021990537643433,165.78345727920532
2026-02-26 04:01:42,r206_21,0.6,6,6047,1235.2680634516928,1180.0942275195705,1171.6023038249764,8.491923694594087,141.98137307167053,100,5,9.263890743255615,132.71748232841492
2026-02-26 04:05:34,r206_21,0.6,7,6048,1224.1278432246008,1150.4243218740246,1147.1488412009523,3.2754806730722454,232.43348050117493,100,5,13.096186637878418,219.3372938632965
2026-02-26 04:08:17,r206_21,0.6,8,6049,1225.2982129521336,1176.718620914093,1153.9723148438504,22.746306070242436,162.74987721443176,100,5,11.435941696166992,151.31393551826477
2026-02-26 04:13:35,r206_21,0.6,9,6050,1238.3303728191634,1165.4154470014487,1132.8382146991803,32.57723230226819,317.811119556427,100,5,17.420759677886963,300.39035987854004
2026-02-26 04:16:37,r206_21,0.6,10,6051,1230.4680104016893,1155.0279008351495,1103.9879987125078,51.03990212264165,182.1119465827942,100,5,11.378366947174072,170.73357963562012
2026-02-26 04:18:17,rc106_21,0.1,1,1042,1169.4821620604584,1154.930175910517,1154.4807143483656,0.44946156215160743,100.09433722496033,100,5,8.01272702217102,92.0816102027893
2026-02-26 04:20:04,rc106_21,0.1,2,1043,1171.0416963545433,1157.1034734764312,1154.4176659939574,2.685807482473624,107.15644240379333,100,5,7.972735166549683,99.18370723724365
2026-02-26 04:21:43,rc106_21,0.1,3,1044,1211.1070615165197,1155.6893166583843,1129.0136782718928,26.675638386491446,98.2685649394989,100,5,7.489838123321533,90.77872681617737
2026-02-26 04:23:50,rc106_21,0.1,4,1045,1207.8246194968358,1161.399413559001,1160.9690208033446,0.43039275565656554,127.61696553230286,100,5,9.223621606826782,118.39334392547607
2026-02-26 04:26:47,rc106_21,0.1,5,1046,1210.9124594325035,1146.9305985382057,1103.4015109219386,43.529087616267255,176.89715600013733,100,5,10.96166706085205,165.93548893928528
2026-02-26 04:28:26,rc106_21,0.1,6,1047,1207.13743334592,1185.777316032892,1138.3582182071052,47.4190978257867,98.9475724697113,100,5,6.2298078536987305,92.71776461601257
2026-02-26 04:29:49,rc106_21,0.1,7,1048,1183.7550353370432,1152.6880307293386,1125.5094836539981,27.178547075340404,82.81631135940552,100,5,6.796771287918091,76.01954007148743
2026-02-26 04:31:25,rc106_21,0.1,8,1049,1193.5525923697223,1157.0705834983155,1122.6533801844107,34.41720331390513,95.9725694656372,100,5,6.488400220870972,89.48416924476624
2026-02-26 04:32:58,rc106_21,0.1,9,1050,1200.9035187883096,1180.79601046916,1155.178613219627,25.617397249532516,93.20812392234802,100,5,6.112562656402588,87.09556126594543
2026-02-26 04:34:52,rc106_21,0.1,10,1051,1198.56868230009,1178.0472402347427,1155.5369706417266,22.510269593016254,114.01698040962219,100,5,7.328838586807251,106.68814182281494
2026-02-26 04:36:27,rc106_21,0.2,1,2042,1176.2019751942937,1160.3652937478628,1148.9953551599815,11.369938587881354,94.92661738395691,100,5,6.256639719009399,88.66997766494751
2026-02-26 04:37:50,rc106_21,0.2,2,2043,1187.138927579003,1172.0166232737872,1165.6413550920036,6.375268181783621,83.25023603439331,100,5,6.310338735580444,76.93989729881287
2026-02-26 04:39:25,rc106_21,0.2,3,2044,1172.6451682204895,1166.6139466895572,1156.4788351070465,10.135111582510614,94.91686820983887,100,5,6.404775142669678,88.51209306716919
2026-02-26 04:41:21,rc106_21,0.2,4,2045,1217.27658141231,1169.1017647485598,1152.6625888167694,16.439175931790402,115.49996066093445,100,5,8.008460521697998,107.49150013923645
2026-02-26 04:43:09,rc106_21,0.2,5,2046,1176.547668884447,1172.1499637734862,1162.6561309892566,9.493832784229584,108.51959371566772,100,5,6.731177568435669,101.78841614723206
2026-02-26 04:44:41,rc106_21,0.2,6,2047,1199.8573688363297,1172.6080166078254,1133.0582147286127,39.54980187921269,91.7694206237793,100,5,6.346786975860596,85.4226336479187
2026-02-26 04:46:42,rc106_21,0.2,7,2048,1216.6462581185954,1170.6002599305548,1149.5794783273504,21.02078160320426,120.76163744926453,100,5,7.93204665184021,112.82959079742432
2026-02-26 04:50:18,rc106_21,0.2,8,2049,1204.6536891442368,1168.3504663277934,1165.7906982382501,2.5597680895431316,215.8843550682068,100,5,12.006824970245361,203.87753009796143
2026-02-26 04:52:54,rc106_21,0.2,9,2050,1215.811184757516,1171.7045847522415,1148.514932390183,23.18965236205855,156.14738631248474,100,5,8.809102773666382,147.33828353881836
2026-02-26 04:54:38,rc106_21,0.2,10,2051,1185.7593971561082,1167.9860800818499,1143.4069840062546,24.579096075595288,104.33705163002014,100,5,6.8549253940582275,97.48212623596191
2026-02-26 04:57:05,rc106_21,0.3,1,3042,1214.3992167226193,1185.2423824760124,1180.007271006528,5.235111469484233,146.75381231307983,100,5,7.508107900619507,139.24570441246033
2026-02-26 04:58:43,rc106_21,0.3,2,3043,1189.5992905883018,1158.5484174132566,1143.790129759776,14.758287653480776,98.47953963279724,100,5,6.221679449081421,92.25786018371582
2026-02-26 05:00:18,rc106_21,0.3,3,3044,1192.048143178731,1161.020018115906,1109.3345130740222,51.68550504188371,95.01282596588135,100,5,7.087859630584717,87.92496633529663
2026-02-26 05:02:45,rc106_21,0.3,4,3045,1212.5608734115415,1170.084057666675,1163.9282642753483,6.15579339132686,146.3335735797882,100,5,9.36870527267456,136.96486830711365
2026-02-26 05:04:23,rc106_21,0.3,5,3046,1211.7044213041036,1168.7972651594478,1132.4950750004393,36.30219015900851,97.85967493057251,100,5,6.420135736465454,91.43953919410706
2026-02-26 05:06:09,rc106_21,0.3,6,3047,1206.954006209574,1140.9966894962927,1130.4051251829262,10.591564313366415,106.52740478515625,100,5,7.077500581741333,99.44990420341492
2026-02-26 05:10:32,rc106_21,0.3,7,3048,1182.0182659493905,1158.9965006367347,1146.351280745895,12.645219890839378,262.70511627197266,100,5,14.60888409614563,248.09623217582703
2026-02-26 05:12:02,rc106_21,0.3,8,3049,1193.6303683289807,1185.5530999101275,1180.2940737613012,5.259026148826289,89.90417408943176,100,5,5.702208757400513,84.20196533203125
2026-02-26 05:14:48,rc106_21,0.3,9,3050,1181.3641288629651,1167.052281540221,1158.8243206494853,8.227960890735465,166.21900510787964,100,5,9.666154623031616,156.55285048484802
2026-02-26 05:16:43,rc106_21,0.3,10,3051,1187.4635301455833,1174.200296691233,1164.0079187433098,10.192377947923438,114.74270224571228,100,5,7.112164735794067,107.63053750991821
2026-02-26 06:33:31,rc106_21,0.4,1,4042,1184.0084617488046,1175.2373884145425,1157.9222042048145,17.315184209727807,118.78751850128174,100,5,8.082059144973755,110.70545935630798
2026-02-26 06:35:43,rc106_21,0.4,2,4043,1199.4683630147451,1187.4653560158147,1182.4283466450745,5.037009370740233,131.96342849731445,100,5,8.159119129180908,123.80430936813354
2026-02-26 06:39:20,rc106_21,0.4,3,4044,1211.0351635600164,1157.311381568875,1120.6789455015441,36.632436067331035,216.4455533027649,100,5,11.779879093170166,204.66567420959473
2026-02-26 06:42:02,rc106_21,0.4,4,4045,1196.4543967117006,1182.956070770848,1157.0779761812105,25.878094589637836,161.88333129882812,100,5,9.860661268234253,152.02267003059387
2026-02-26 06:45:42,rc106_21,0.4,5,4046,1198.9025723268796,1155.4282824774136,1120.9389520455916,34.489330431821934,220.12357378005981,100,5,10.992218494415283,209.13135528564453
2026-02-26 06:49:38,rc106_21,0.4,6,4047,1226.6635198626059,1194.6637107227718,1124.7296413080358,69.934069414736,235.94436311721802,100,5,11.91654634475708,224.02781677246094
2026-02-26 06:51:17,rc106_21,0.4,7,4048,1195.379928941796,1182.06936885472,1168.1963124257602,13.873056428959913,99.31379532814026,100,5,6.542844295501709,92.77095103263855
2026-02-26 06:54:08,rc106_21,0.4,8,4049,1213.4981410148448,1181.156956461786,1152.889531360941,28.267425100845003,171.2849612236023,100,5,8.717517375946045,162.56744384765625
2026-02-26 06:56:19,rc106_21,0.4,9,4050,1224.8079658555478,1183.9213343718684,1161.8198497526,22.10148461926826,130.68213772773743,100,5,7.617073059082031,123.0650646686554
2026-02-26 07:01:46,rc106_21,0.4,10,4051,1182.963536512572,1159.4474714421578,1146.5926789402986,12.854792501859297,327.4339897632599,100,5,17.685545921325684,309.7484438419342
2026-02-26 07:05:33,rc106_21,0.5,1,5042,26209.945068505713,1160.8370120175198,1134.831017624292,26.005994393227738,227.0097143650055,100,5,11.377174854278564,215.63253951072693
2026-02-26 07:10:13,rc106_21,0.5,2,5043,1232.3665711910655,1166.3326610920844,1154.580122674807,11.752538417277425,279.40488266944885,100,5,13.635217666625977,265.7696650028229
2026-02-26 07:12:47,rc106_21,0.5,3,5044,1197.6244655270266,1168.7354267770313,1155.8545172633633,12.880909513667866,154.31588292121887,100,5,8.2021005153656,146.11378240585327
2026-02-26 07:15:30,rc106_21,0.5,4,5045,1189.3917509105795,1167.2051632842406,1147.9318076647812,19.273355619459352,162.71933603286743,100,5,9.614978313446045,153.1043577194214
2026-02-26 07:19:06,rc106_21,0.5,5,5046,1211.0686754169033,1175.5223179248028,1131.1550421322954,44.36727579250734,216.02119302749634,100,5,11.387268543243408,204.63392448425293
2026-02-26 07:21:58,rc106_21,0.5,6,5047,1214.4576830360143,1172.2880782006648,1130.2887454910774,41.99933270958756,172.4628825187683,100,5,8.800401210784912,163.6624813079834
2026-02-26 07:24:33,rc106_21,0.5,7,5048,1188.3826818148355,1161.7048780183936,1148.0010492008228,13.703828817570852,154.88185167312622,100,5,7.929486274719238,146.95236539840698
2026-02-26 07:27:53,rc106_21,0.5,8,5049,1195.7864970053934,1185.5359751037774,1166.5661188540537,18.969856249723893,199.80571699142456,100,5,10.429789543151855,189.3759274482727
2026-02-26 07:30:18,rc106_21,0.5,9,5050,1193.4169667851377,1160.0001792840594,1147.092295990059,12.907883294000245,145.39637899398804,100,5,9.00709056854248,136.38928842544556
2026-02-26 07:32:24,rc106_21,0.5,10,5051,1204.303237892489,1185.8671166547492,1153.33356032047,32.533556334279154,125.4829773902893,100,5,7.746947288513184,117.73603010177612
2026-02-26 07:34:13,rc106_21,0.6,1,6042,1203.5864178028673,1188.1896977242538,1168.7591698274935,19.430527896760605,109.21535038948059,100,5,5.9811530113220215,103.23419737815857
2026-02-26 07:37:16,rc106_21,0.6,2,6043,1210.385190735481,1190.6594160840762,1154.602972347569,36.05644373650704,182.68552112579346,100,5,10.118046760559082,172.56747436523438
2026-02-26 07:39:20,rc106_21,0.6,3,6044,1201.3266043027265,1181.3833159458427,1163.9946089121122,17.388707033730366,124.39257717132568,100,5,6.89286732673645,117.49970984458923
2026-02-26 07:42:03,rc106_21,0.6,4,6045,1190.9603865156623,1180.0809704139083,1165.4832628957995,14.597707518108802,162.43049240112305,100,5,9.375400304794312,153.05509209632874
2026-02-26 07:47:27,rc106_21,0.6,5,6046,1201.6420996461895,1173.0627374135836,1151.8464757420422,21.21626167154125,324.571426153183,100,5,16.150600910186768,308.4208252429962
2026-02-26 07:49:57,rc106_21,0.6,6,6047,1186.3142383150887,1167.158027495972,1151.7551036582308,15.402923837741087,149.86326694488525,100,5,8.34351372718811,141.51975321769714
2026-02-26 07:52:47,rc106_21,0.6,7,6048,26184.37504308598,1174.3247803639601,1142.4191995986891,31.90558076527098,169.9371373653412,100,5,10.478330612182617,159.45880675315857
2026-02-26 07:56:15,rc106_21,0.6,8,6049,1222.5110075430716,1172.5292253560933,1118.0210710111555,54.508154344937765,207.6803436279297,100,5,11.20327377319336,196.47706985473633
2026-02-26 08:00:13,rc106_21,0.6,9,6050,1201.5340834071344,1183.6398634654347,1110.3731497213357,73.26671374409912,238.15953063964844,100,5,12.121289014816284,226.03824162483215
2026-02-26 08:02:44,rc106_21,0.6,10,6051,1214.9280391348364,1176.938179299342,1127.2112857834238,49.72689351591826,150.8559651374817,100,5,8.56934404373169,142.28662109375
2026-02-26 08:04:08,rc206_21,0.1,1,1042,1177.9737853129132,1170.8090583655842,1163.3994259550952,7.409632410489109,84.44401550292969,100,5,6.0931923389434814,78.3508231639862
2026-02-26 08:10:40,rc206_21,0.1,2,1043,1190.3848892665974,1149.6296546277213,1110.2763810869108,39.35327354081045,391.77820777893066,100,5,18.455240964889526,373.32296681404114
2026-02-26 08:12:31,rc206_21,0.1,3,1044,1179.8118447317318,1157.7731375868511,1146.5463589105684,11.226778676282752,110.70787358283997,100,5,9.965529680252075,100.74234390258789
2026-02-26 08:14:44,rc206_21,0.1,4,1045,1181.5035207519627,1155.3768596713999,1146.432129060933,8.944730610466708,132.83199548721313,100,5,9.196769952774048,123.63522553443909
2026-02-26 08:16:39,rc206_21,0.1,5,1046,1199.0433507331202,1170.4472931732007,1129.84814840788,40.59914476532076,115.68162274360657,100,5,7.30235743522644,108.37926530838013
2026-02-26 08:21:29,rc206_21,0.1,6,1047,1210.832321387087,1145.5372249969269,1115.8154610993236,29.721763897603314,290.1360285282135,100,5,15.038120985031128,275.0979075431824
2026-02-26 08:28:03,rc206_21,0.1,7,1048,1185.9694431882103,1148.633196844313,1114.120319256599,34.51287758771403,393.320782661438,100,5,19.829453468322754,373.49132919311523
2026-02-26 08:29:34,rc206_21,0.1,8,1049,1178.7235798382171,1158.2773092703992,1156.8157567688534,1.4615525015456063,90.93636441230774,100,5,6.917424917221069,84.01893949508667
2026-02-26 08:31:52,rc206_21,0.1,9,1050,1182.039693772819,1156.722116449764,1129.8104521951266,26.9116642546375,138.2422411441803,100,5,9.414016723632812,128.82822442054749
2026-02-26 08:34:00,rc206_21,0.1,10,1051,1173.6713683411797,1154.588665335122,1147.459764625344,7.128900709777912,128.14404702186584,100,5,9.041813611984253,119.10223340988159
2026-02-26 08:35:44,rc206_21,0.2,1,2042,1217.2485286878175,1172.7013509107671,1159.8511863523938,12.850164558373395,104.3953025341034,100,5,7.4342570304870605,96.96104550361633
2026-02-26 08:37:25,rc206_21,0.2,2,2043,1187.9219750788998,1172.9906913760083,1169.532223167105,3.458468208903018,100.79457306861877,100,5,6.65332555770874,94.14124751091003
2026-02-26 08:39:54,rc206_21,0.2,3,2044,1203.1213977235898,1171.3988184097,1121.86734647113,49.53147193856989,148.53786897659302,100,5,9.886229038238525,138.6516399383545
2026-02-26 08:41:42,rc206_21,0.2,4,2045,1172.7697901338836,1157.2685037114477,1145.9113351696071,11.357168541840686,108.3821759223938,100,5,7.130116939544678,101.25205898284912
2026-02-26 08:44:41,rc206_21,0.2,5,2046,1183.135729570824,1171.4206940452382,1157.6626294287144,13.758064616523988,178.85576605796814,100,5,9.512004613876343,169.3437614440918
2026-02-26 08:47:16,rc206_21,0.2,6,2047,1202.610872285894,1162.6999332285504,1157.190396427586,5.509536800964468,155.15214443206787,100,5,9.019658088684082,146.1324863433838
2026-02-26 08:50:15,rc206_21,0.2,7,2048,1199.3974684613315,1160.8234219902483,1125.9431530603488,34.88026892989952,179.1829047203064,100,5,11.570830821990967,167.61207389831543
2026-02-26 08:52:27,rc206_21,0.2,8,2049,1192.2288204984993,1164.9541040159686,1156.0154193187118,8.938684697256784,131.48272609710693,100,5,7.420736074447632,124.0619900226593
2026-02-26 08:53:57,rc206_21,0.2,9,2050,1204.4680442567312,1194.7105114311473,1173.436145180821,21.274366250326135,89.79435086250305,100,5,6.038644790649414,83.75570607185364
2026-02-26 08:55:27,rc206_21,0.2,10,2051,1216.1940169401641,1161.8691968919084,1128.0620097334058,33.8071871585024,90.29074811935425,100,5,6.586053848266602,83.70469427108765
2026-02-26 08:57:32,rc206_21,0.3,1,3042,1187.906429509818,1170.97177341984,1162.1896769006864,8.782096519153484,125.31488633155823,100,5,8.420845746994019,116.89404058456421
2026-02-26 08:59:57,rc206_21,0.3,2,3043,1198.6404269635202,1156.189735974295,1141.0440644632372,15.145671511057751,144.8131833076477,100,5,9.421887636184692,135.391295671463
2026-02-26 09:03:46,rc206_21,0.3,3,3044,1210.3283418382673,1167.0188407327137,1101.9897810654793,65.02905966723421,229.38509893417358,100,5,13.78913950920105,215.59595942497253
2026-02-26 09:07:34,rc206_21,0.3,4,3045,1193.021108127057,1161.8522433705919,1126.6686144047458,35.183628965846204,227.44906306266785,100,5,11.835359573364258,215.6137034893036
2026-02-26 09:09:51,rc206_21,0.3,5,3046,1220.1505583382377,1171.0015974742623,1166.8670513644759,4.1345461097864025,137.4709095954895,100,5,7.5303635597229,129.9405460357666
2026-02-26 09:16:23,rc206_21,0.3,6,3047,1198.6911199969552,1152.307032802912,1093.6531224046948,58.653910398217306,391.9537146091461,100,5,21.140378713607788,370.81333589553833
2026-02-26 09:20:38,rc206_21,0.3,7,3048,1229.930898638254,1176.0936130433602,1149.6853752057746,26.40823783758555,254.48712873458862,100,5,14.645723819732666,239.84140491485596
2026-02-26 09:22:25,rc206_21,0.3,8,3049,1180.260671539024,1158.0609779575484,1147.2528514782136,10.808126479334915,107.13793849945068,100,5,6.789694547653198,100.34824395179749
2026-02-26 09:25:50,rc206_21,0.3,9,3050,1188.1640722887623,1170.0026721021695,1139.0298444414484,30.972827660721105,204.65156149864197,100,5,12.653347253799438,191.99821424484253
2026-02-26 09:29:55,rc206_21,0.3,10,3051,1204.0672711612233,1175.8174364250478,1165.0991396067545,10.71829681829322,245.4435257911682,100,5,14.085238218307495,231.35828757286072
2026-02-26 09:31:44,rc206_21,0.4,1,4042,1190.8540144645526,1175.7093202283288,1158.394136018601,17.315184209727807,109.20402956008911,100,5,6.250577449798584,102.95345211029053
2026-02-26 09:33:56,rc206_21,0.4,2,4043,1204.5849196312242,1167.2658811614936,1132.1842681930966,35.0816129683968,131.72614812850952,100,5,7.440465211868286,124.28568291664124
2026-02-26 09:35:28,rc206_21,0.4,3,4044,1196.5481573461343,1178.7655492295498,1166.2410714410685,12.524477788481356,91.98471641540527,100,5,6.140644311904907,85.84407210350037
2026-02-26 09:40:25,rc206_21,0.4,4,4045,1204.2826726298426,1170.7387919982093,1166.8674402479542,3.871351750255166,296.9466495513916,100,5,15.676468133926392,281.2701814174652
2026-02-26 09:42:36,rc206_21,0.4,5,4046,1181.3790302247971,1157.6794057129537,1147.8706090887238,9.808796624229938,131.39333271980286,100,5,8.756788730621338,122.63654398918152
2026-02-26 09:44:31,rc206_21,0.4,6,4047,1212.1192427069668,1189.0625708935725,1162.086602694243,26.975968199329444,114.96625137329102,100,5,7.1665873527526855,107.79966402053833
2026-02-26 09:46:14,rc206_21,0.4,7,4048,1191.3827506408395,1159.0198372811967,1148.870828209139,10.149009072057407,102.52132177352905,100,5,6.538103342056274,95.98321843147278
2026-02-26 10:02:07,rc206_21,0.4,8,4049,1196.3570744554904,1169.43040869453,1157.9617099337934,11.468698760736432,953.2934548854828,100,5,22.801432132720947,930.4920227527618
2026-02-26 10:05:33,rc206_21,0.4,9,4050,1209.8254666896537,1171.2471055571198,1107.0598887653452,64.18721679177443,206.0987467765808,100,5,12.779487371444702,193.3192594051361
2026-02-26 10:08:32,rc206_21,0.4,10,4051,1218.5067088961457,1171.119465781173,1153.1042165282781,18.015249252895117,178.5130274295807,100,5,9.681483745574951,168.83154368400574
2026-02-26 10:12:26,rc206_21,0.5,1,5042,1199.935806775979,1167.0718535528163,1126.7594410163188,40.31241253649774,233.72109174728394,100,5,10.846670150756836,222.8744215965271
2026-02-26 10:15:07,rc206_21,0.5,2,5043,1198.2602141810582,1175.039501765631,1165.8644253734367,9.175076392194258,160.96031427383423,100,5,9.149611949920654,151.81070232391357
2026-02-26 10:19:00,rc206_21,0.5,3,5044,1196.4541369644978,1161.1560259975197,1148.239854885067,12.916171112452616,233.7711045742035,100,5,12.50423264503479,221.2668719291687
